"0",""
"0","dbs_merged <- dbscan(data_2016to2018[,3:4], eps = 0.000055, minPts = 20)"
"0","data_2016to2018$cluster <- dbs_merged$cluster"
"0",""
"0","summary(dbs_merged)"
"1","       "
"1"," Length"
"1"," Class "
"1"," Mode   "
"1","
cluster"
"1"," 28012 "
"1"," -none-"
"1"," numeric"
"1","
eps    "
"1","     1 "
"1"," -none-"
"1"," numeric"
"1","
minPts "
"1","     1 "
"1"," -none-"
"1"," numeric"
"1","
"
"0","str(dbs_merged)"
"1","List"
"1",""
"1"," of "
"1",""
"1","3"
"1",""
"1","
"
"1"," "
"1",""
"1","$ "
"1",""
"1","cluster"
"1",""
"1",":"
"1"," int [1:28012] "
"1",""
"1","0 0 0 0 0 0 0 0 0 0"
"1",""
"1"," ..."
"1",""
"1","
"
"1"," "
"1",""
"1","$ "
"1",""
"1","eps    "
"1",""
"1",":"
"1"," num "
"1",""
"1","5.5e-05"
"1",""
"1","
"
"1"," "
"1",""
"1","$ "
"1",""
"1","minPts "
"1",""
"1",":"
"1"," num "
"1",""
"1","20"
"1",""
"1","
"
"1"," "
"1",""
"1","- attr(*, ""class"")="
"1"," chr [1:2] "
"1",""
"1","""dbscan_fast"" ""dbscan"""
"1",""
"1","
"
